Timestamp,UTC,Callsign,Position,Altitude,Speed,Direction
1766929758,2025-12-28T13:49:18Z,FIN27E,"60.321041,24.967543",0,0,137
1766929913,2025-12-28T13:51:53Z,FIN27E,"60.320927,24.967781",0,4,137
1766929920,2025-12-28T13:52:00Z,FIN27E,"60.320843,24.968",0,4,120
1766929926,2025-12-28T13:52:06Z,FIN27E,"60.320858,24.968254",0,4,78
1766929932,2025-12-28T13:52:12Z,FIN27E,"60.320923,24.968466",0,5,53
1766929942,2025-12-28T13:52:22Z,FIN27E,"60.321133,24.968662",0,6,14
1766929948,2025-12-28T13:52:28Z,FIN27E,"60.321365,24.968588",0,8,340
1766929954,2025-12-28T13:52:34Z,FIN27E,"60.321587,24.968369",0,10,329
1766929959,2025-12-28T13:52:39Z,FIN27E,"60.321774,24.968147",0,11,329
1766929962,2025-12-28T13:52:42Z,FIN27E,"60.321949,24.967926",0,12,329
1766929966,2025-12-28T13:52:46Z,FIN27E,"60.322159,24.967682",0,14,329
1766929974,2025-12-28T13:52:54Z,FIN27E,"60.322586,24.967188",0,15,329
1766929981,2025-12-28T13:53:01Z,FIN27E,"60.32304,24.966652",0,15,329
1766929988,2025-12-28T13:53:08Z,FIN27E,"60.323433,24.966194",0,15,329
1766929996,2025-12-28T13:53:16Z,FIN27E,"60.323986,24.965548",0,16,329
1766930003,2025-12-28T13:53:23Z,FIN27E,"60.324509,24.964962",0,18,329
1766930010,2025-12-28T13:53:30Z,FIN27E,"60.325081,24.964275",0,21,329
1766930018,2025-12-28T13:53:38Z,FIN27E,"60.325741,24.963512",0,22,329
1766930025,2025-12-28T13:53:45Z,FIN27E,"60.326382,24.962776",0,23,329
1766930032,2025-12-28T13:53:52Z,FIN27E,"60.327137,24.961893",0,23,329
1766930039,2025-12-28T13:53:59Z,FIN27E,"60.327755,24.961159",0,23,329
1766930047,2025-12-28T13:54:07Z,FIN27E,"60.32851,24.960276",0,21,329
1766930054,2025-12-28T13:54:14Z,FIN27E,"60.329098,24.959587",0,20,329
1766930061,2025-12-28T13:54:21Z,FIN27E,"60.329697,24.958902",0,19,329
1766930068,2025-12-28T13:54:28Z,FIN27E,"60.330219,24.958286",0,18,329
1766930075,2025-12-28T13:54:35Z,FIN27E,"60.330734,24.957626",0,19,323
1766930077,2025-12-28T13:54:37Z,FIN27E,"60.330875,24.957382",0,19,317
1766930079,2025-12-28T13:54:39Z,FIN27E,"60.331001,24.957161",0,19,317
1766930082,2025-12-28T13:54:42Z,FIN27E,"60.3312,24.956793",0,20,317
1766930084,2025-12-28T13:54:44Z,FIN27E,"60.331352,24.956533",0,20,317
1766930086,2025-12-28T13:54:46Z,FIN27E,"60.331478,24.956297",0,17,317
1766930088,2025-12-28T13:54:48Z,FIN27E,"60.331631,24.956009",0,15,317
1766930091,2025-12-28T13:54:51Z,FIN27E,"60.331776,24.955751",0,14,317
1766930094,2025-12-28T13:54:54Z,FIN27E,"60.33189,24.955515",0,14,315
1766930096,2025-12-28T13:54:56Z,FIN27E,"60.331989,24.955248",0,14,303
1766930099,2025-12-28T13:54:59Z,FIN27E,"60.332062,24.954979",0,14,292
1766930101,2025-12-28T13:55:01Z,FIN27E,"60.332096,24.954639",0,14,281
1766930104,2025-12-28T13:55:04Z,FIN27E,"60.332085,24.954365",0,14,267
1766930107,2025-12-28T13:55:07Z,FIN27E,"60.332027,24.953953",0,15,250
1766930109,2025-12-28T13:55:09Z,FIN27E,"60.331947,24.953669",0,15,239
1766930111,2025-12-28T13:55:11Z,FIN27E,"60.331833,24.953384",0,16,227
1766930114,2025-12-28T13:55:14Z,FIN27E,"60.331711,24.953138",0,17,225
1766930116,2025-12-28T13:55:16Z,FIN27E,"60.331608,24.952894",0,17,227
1766930119,2025-12-28T13:55:19Z,FIN27E,"60.331444,24.952532",0,16,227
1766930121,2025-12-28T13:55:21Z,FIN27E,"60.331341,24.952272",0,15,233
1766930123,2025-12-28T13:55:23Z,FIN27E,"60.331261,24.952059",0,14,236
1766930126,2025-12-28T13:55:26Z,FIN27E,"60.331192,24.951775",0,11,241
1766930129,2025-12-28T13:55:29Z,FIN27E,"60.331135,24.951538",0,8,247
1766930133,2025-12-28T13:55:33Z,FIN27E,"60.3311,24.951302",0,7,255
1766930136,2025-12-28T13:55:36Z,FIN27E,"60.331089,24.951088",0,7,261
1766930139,2025-12-28T13:55:39Z,FIN27E,"60.331078,24.950874",0,7,267
1766930142,2025-12-28T13:55:42Z,FIN27E,"60.33107,24.950638",0,6,270
1766930147,2025-12-28T13:55:47Z,FIN27E,"60.331078,24.950424",0,4,272
1766930159,2025-12-28T13:55:59Z,FIN27E,"60.331085,24.95022",0,0,272
1766930171,2025-12-28T13:56:11Z,FIN27E,"60.331085,24.949976",0,2,272
1766930179,2025-12-28T13:56:19Z,FIN27E,"60.331097,24.949755",0,3,272
1766930187,2025-12-28T13:56:27Z,FIN27E,"60.3311,24.949526",0,3,272
1766930193,2025-12-28T13:56:33Z,FIN27E,"60.3311,24.949312",0,3,272
1766930201,2025-12-28T13:56:41Z,FIN27E,"60.331112,24.949051",0,4,272
1766930207,2025-12-28T13:56:47Z,FIN27E,"60.331112,24.948792",0,4,272
1766930215,2025-12-28T13:56:55Z,FIN27E,"60.33112,24.948481",0,4,272
1766930222,2025-12-28T13:57:02Z,FIN27E,"60.33112,24.948185",0,4,272
1766930229,2025-12-28T13:57:09Z,FIN27E,"60.331135,24.947891",0,5,272
1766930237,2025-12-28T13:57:17Z,FIN27E,"60.331135,24.947536",0,6,272
1766930244,2025-12-28T13:57:24Z,FIN27E,"60.331154,24.947083",0,7,272
1766930250,2025-12-28T13:57:30Z,FIN27E,"60.331165,24.946592",0,8,272
1766930258,2025-12-28T13:57:38Z,FIN27E,"60.331169,24.94595",0,9,272
1766930265,2025-12-28T13:57:45Z,FIN27E,"60.331181,24.945311",0,9,272
1766930272,2025-12-28T13:57:52Z,FIN27E,"60.331192,24.94479",0,8,270
1766930275,2025-12-28T13:57:55Z,FIN27E,"60.331181,24.944529",0,9,267
1766930278,2025-12-28T13:57:58Z,FIN27E,"60.331158,24.944269",0,9,258
1766930281,2025-12-28T13:58:01Z,FIN27E,"60.331131,24.944065",0,9,253
1766930284,2025-12-28T13:58:04Z,FIN27E,"60.33107,24.943821",0,9,241
1766930288,2025-12-28T13:58:08Z,FIN27E,"60.330986,24.943558",0,10,230
1766930291,2025-12-28T13:58:11Z,FIN27E,"60.33086,24.943298",0,10,227
1766930295,2025-12-28T13:58:15Z,FIN27E,"60.330746,24.94301",0,11,227
1766930298,2025-12-28T13:58:18Z,FIN27E,"60.330643,24.942801",0,13,227
1766930300,2025-12-28T13:58:20Z,FIN27E,"60.33054,24.942564",0,15,227
1766930302,2025-12-28T13:58:22Z,FIN27E,"60.330433,24.942324",0,22,227
1766930303,2025-12-28T13:58:23Z,FIN27E,"60.330326,24.942104",0,28,227
1766930304,2025-12-28T13:58:24Z,FIN27E,"60.330231,24.9419",0,33,227
1766930305,2025-12-28T13:58:25Z,FIN27E,"60.330116,24.941637",0,39,227
1766930312,2025-12-28T13:58:32Z,FIN27E,"60.32872,24.938585",325,76,227
1766930321,2025-12-28T13:58:41Z,FIN27E,"60.326393,24.933472",325,113,227
1766930327,2025-12-28T13:58:47Z,FIN27E,"60.323738,24.927586",325,135,227
1766930335,2025-12-28T13:58:55Z,FIN27E,"60.319828,24.918955",325,159,227
1766930344,2025-12-28T13:59:04Z,FIN27E,"60.315453,24.909832",750,151,225
1766930353,2025-12-28T13:59:13Z,FIN27E,"60.311325,24.901838",1150,151,223
1766930361,2025-12-28T13:59:21Z,FIN27E,"60.306934,24.893253",1475,157,224
1766930363,2025-12-28T13:59:23Z,FIN27E,"60.305862,24.891193",1525,160,224
1766930365,2025-12-28T13:59:25Z,FIN27E,"60.304562,24.888546",1600,164,225
1766930367,2025-12-28T13:59:27Z,FIN27E,"60.303768,24.886877",1625,166,227
1766930369,2025-12-28T13:59:29Z,FIN27E,"60.302444,24.883749",1675,170,231
1766930371,2025-12-28T13:59:31Z,FIN27E,"60.301628,24.881384",1700,172,236
1766930374,2025-12-28T13:59:34Z,FIN27E,"60.300789,24.878637",1700,174,242
1766930376,2025-12-28T13:59:36Z,FIN27E,"60.300064,24.87532",1725,176,249
1766930378,2025-12-28T13:59:38Z,FIN27E,"60.299534,24.87187",1750,179,256
1766930380,2025-12-28T13:59:40Z,FIN27E,"60.299252,24.867847",1775,182,263
1766930382,2025-12-28T13:59:42Z,FIN27E,"60.299149,24.864807",1800,184,269
1766930385,2025-12-28T13:59:45Z,FIN27E,"60.29924,24.860451",1825,188,273
1766930387,2025-12-28T13:59:47Z,FIN27E,"60.299534,24.855978",1875,190,277
1766930389,2025-12-28T13:59:49Z,FIN27E,"60.299812,24.852545",1900,193,280
1766930391,2025-12-28T13:59:51Z,FIN27E,"60.300186,24.849014",1950,195,283
1766930393,2025-12-28T13:59:53Z,FIN27E,"60.300743,24.844894",2025,196,286
1766930396,2025-12-28T13:59:56Z,FIN27E,"60.301395,24.841265",2125,195,291
1766930398,2025-12-28T13:59:58Z,FIN27E,"60.30228,24.837341",2225,194,294
1766930400,2025-12-28T14:00:00Z,FIN27E,"60.303024,24.834202",2325,194,296
1766930402,2025-12-28T14:00:02Z,FIN27E,"60.303864,24.831064",2425,192,297
1766930404,2025-12-28T14:00:04Z,FIN27E,"60.30484,24.827238",2575,192,297
1766930406,2025-12-28T14:00:06Z,FIN27E,"60.305538,24.824785",2675,192,297
1766930408,2025-12-28T14:00:08Z,FIN27E,"60.30661,24.820578",2850,192,297
1766930410,2025-12-28T14:00:10Z,FIN27E,"60.307434,24.817358",3000,191,297
1766930413,2025-12-28T14:00:13Z,FIN27E,"60.308212,24.814327",3150,190,296
1766930415,2025-12-28T14:00:15Z,FIN27E,"60.309174,24.810444",3325,190,296
1766930417,2025-12-28T14:00:17Z,FIN27E,"60.310005,24.807032",3500,189,296
1766930419,2025-12-28T14:00:19Z,FIN27E,"60.310753,24.803793",3625,190,295
1766930421,2025-12-28T14:00:21Z,FIN27E,"60.311543,24.800655",3775,189,295
1766930423,2025-12-28T14:00:23Z,FIN27E,"60.312195,24.797752",3900,190,295
1766930425,2025-12-28T14:00:25Z,FIN27E,"60.313034,24.79418",4025,192,295
1766930427,2025-12-28T14:00:27Z,FIN27E,"60.313889,24.790649",4125,195,295
1766930432,2025-12-28T14:00:32Z,FIN27E,"60.315594,24.783686",4300,201,298
1766930434,2025-12-28T14:00:34Z,FIN27E,"60.316635,24.780043",4375,204,300
1766930436,2025-12-28T14:00:36Z,FIN27E,"60.317966,24.775936",4450,206,304
1766930438,2025-12-28T14:00:38Z,FIN27E,"60.318832,24.773602",4475,210,309
1766930440,2025-12-28T14:00:40Z,FIN27E,"60.32048,24.769953",4550,214,314
1766930442,2025-12-28T14:00:42Z,FIN27E,"60.321972,24.767303",4600,214,319
1766930444,2025-12-28T14:00:44Z,FIN27E,"60.323555,24.764851",4650,218,326
1766930446,2025-12-28T14:00:46Z,FIN27E,"60.325321,24.762791",4725,220,331
1766930449,2025-12-28T14:00:49Z,FIN27E,"60.327137,24.760927",4800,222,337
1766930451,2025-12-28T14:00:51Z,FIN27E,"60.329464,24.75926",4900,223,342
1766930453,2025-12-28T14:00:53Z,FIN27E,"60.331696,24.758163",5000,226,346
1766930455,2025-12-28T14:00:55Z,FIN27E,"60.333935,24.757298",5100,226,349
1766930457,2025-12-28T14:00:57Z,FIN27E,"60.336029,24.756611",5225,227,351
1766930459,2025-12-28T14:00:59Z,FIN27E,"60.337921,24.756176",5325,229,354
1766930461,2025-12-28T14:01:01Z,FIN27E,"60.340439,24.755796",5450,230,356
1766930463,2025-12-28T14:01:03Z,FIN27E,"60.34259,24.755701",5575,232,359
1766930465,2025-12-28T14:01:05Z,FIN27E,"60.344742,24.755892",5700,232,3
1766930468,2025-12-28T14:01:08Z,FIN27E,"60.347527,24.756317",5875,233,5
1766930470,2025-12-28T14:01:10Z,FIN27E,"60.349457,24.756838",6000,232,6
1766930472,2025-12-28T14:01:12Z,FIN27E,"60.351974,24.757502",6175,233,7
1766930474,2025-12-28T14:01:14Z,FIN27E,"60.354126,24.75807",6325,233,7
1766930476,2025-12-28T14:01:16Z,FIN27E,"60.35614,24.758671",6450,233,7
1766930478,2025-12-28T14:01:18Z,FIN27E,"60.358795,24.759396",6625,232,7
1766930480,2025-12-28T14:01:20Z,FIN27E,"60.360947,24.759869",6775,232,7
1766930483,2025-12-28T14:01:23Z,FIN27E,"60.363052,24.760437",6900,232,6
1766930485,2025-12-28T14:01:25Z,FIN27E,"60.365498,24.761026",7075,232,6
1766930487,2025-12-28T14:01:27Z,FIN27E,"60.367767,24.761574",7200,232,6
1766930489,2025-12-28T14:01:29Z,FIN27E,"60.369965,24.762047",7350,232,6
1766930491,2025-12-28T14:01:31Z,FIN27E,"60.372246,24.762497",7500,232,5
1766930493,2025-12-28T14:01:33Z,FIN27E,"60.374809,24.763086",7650,232,5
1766930506,2025-12-28T14:01:46Z,FIN27E,"60.388275,24.765551",8500,233,4
1766930521,2025-12-28T14:02:01Z,FIN27E,"60.403854,24.76799",9300,240,4
1766930533,2025-12-28T14:02:13Z,FIN27E,"60.41835,24.770191",10025,243,4
1766930546,2025-12-28T14:02:26Z,FIN27E,"60.432358,24.772181",10675,249,4
1766930559,2025-12-28T14:02:39Z,FIN27E,"60.448471,24.774359",11125,264,3
1766930572,2025-12-28T14:02:52Z,FIN27E,"60.464264,24.776443",11650,270,3
1766930585,2025-12-28T14:03:05Z,FIN27E,"60.480713,24.778683",12275,274,3
1766930617,2025-12-28T14:03:37Z,FIN27E,"60.521912,24.784273",13875,283,3
1766930648,2025-12-28T14:04:08Z,FIN27E,"60.562958,24.789701",15650,284,3
1766930679,2025-12-28T14:04:39Z,FIN27E,"60.603241,24.795063",17150,288,3
1766930711,2025-12-28T14:05:11Z,FIN27E,"60.647232,24.800949",18500,300,3
1766930744,2025-12-28T14:05:44Z,FIN27E,"60.691921,24.806932",19900,306,3
1766930776,2025-12-28T14:06:16Z,FIN27E,"60.737728,24.813211",21150,315,3
1766930808,2025-12-28T14:06:48Z,FIN27E,"60.78484,24.819586",22325,323,3
1766930838,2025-12-28T14:07:18Z,FIN27E,"60.830509,24.825865",23550,329,4
1766930870,2025-12-28T14:07:50Z,FIN27E,"60.879341,24.837635",24650,336,7
1766930902,2025-12-28T14:08:22Z,FIN27E,"60.929153,24.849798",25725,342,6
1766930934,2025-12-28T14:08:54Z,FIN27E,"60.978359,24.861668",26800,345,6
1766930965,2025-12-28T14:09:25Z,FIN27E,"61.028496,24.873537",27900,347,6
1766930997,2025-12-28T14:09:57Z,FIN27E,"61.080261,24.885965",28850,350,6
1766931028,2025-12-28T14:10:28Z,FIN27E,"61.130356,24.897863",29625,356,6
1766931061,2025-12-28T14:11:01Z,FIN27E,"61.184006,24.910812",30175,366,6
1766931093,2025-12-28T14:11:33Z,FIN27E,"61.237839,24.923807",30850,372,6
1766931124,2025-12-28T14:12:04Z,FIN27E,"61.291489,24.936708",31700,370,6
1766931156,2025-12-28T14:12:36Z,FIN27E,"61.346073,24.950052",32350,373,6
1766931188,2025-12-28T14:13:08Z,FIN27E,"61.400448,24.963278",32950,376,6
1766931219,2025-12-28T14:13:39Z,FIN27E,"61.455051,24.976603",33675,376,6
1766931251,2025-12-28T14:14:11Z,FIN27E,"61.510777,24.990335",34000,368,6
1766931283,2025-12-28T14:14:43Z,FIN27E,"61.562759,25.003117",34000,360,6
1766931316,2025-12-28T14:15:16Z,FIN27E,"61.616364,25.014202",34150,361,3
1766931346,2025-12-28T14:15:46Z,FIN27E,"61.667751,25.017496",34475,367,1
1766931378,2025-12-28T14:16:18Z,FIN27E,"61.722015,25.019499",35175,365,1
1766931411,2025-12-28T14:16:51Z,FIN27E,"61.77631,25.021463",35700,366,1
1766931443,2025-12-28T14:17:23Z,FIN27E,"61.830681,25.0236",36000,357,1
1766931474,2025-12-28T14:17:54Z,FIN27E,"61.882217,25.025635",36000,354,1
1766931506,2025-12-28T14:18:26Z,FIN27E,"61.934216,25.027466",36325,358,1
1766931539,2025-12-28T14:18:59Z,FIN27E,"61.988449,25.029501",36700,358,1
1766931571,2025-12-28T14:19:31Z,FIN27E,"62.041306,25.031565",37000,360,1
1766931603,2025-12-28T14:20:03Z,FIN27E,"62.09412,25.03367",37400,361,1
1766931635,2025-12-28T14:20:35Z,FIN27E,"62.147781,25.035706",37700,362,1
1766931666,2025-12-28T14:21:06Z,FIN27E,"62.199875,25.037741",38025,363,1
1766931698,2025-12-28T14:21:38Z,FIN27E,"62.253239,25.039743",38000,365,1
1766931730,2025-12-28T14:22:10Z,FIN27E,"62.307098,25.041857",38000,366,1
1766931762,2025-12-28T14:22:42Z,FIN27E,"62.361969,25.044046",38000,364,1
1766931795,2025-12-28T14:23:15Z,FIN27E,"62.415802,25.046082",38000,366,1
1766931826,2025-12-28T14:23:46Z,FIN27E,"62.469955,25.048117",38000,368,1
1766931858,2025-12-28T14:24:18Z,FIN27E,"62.524063,25.050253",38000,366,1
1766931890,2025-12-28T14:24:50Z,FIN27E,"62.577568,25.05242",38000,365,1
1766931922,2025-12-28T14:25:22Z,FIN27E,"62.631615,25.054426",38000,367,1
1766931954,2025-12-28T14:25:54Z,FIN27E,"62.685608,25.056559",38000,368,1
1766931986,2025-12-28T14:26:26Z,FIN27E,"62.740314,25.058653",38000,370,1
1766932019,2025-12-28T14:26:59Z,FIN27E,"62.795616,25.060871",38000,371,1
1766932050,2025-12-28T14:27:30Z,FIN27E,"62.850178,25.062984",38000,368,1
1766932083,2025-12-28T14:28:03Z,FIN27E,"62.904739,25.065207",38000,368,1
1766932113,2025-12-28T14:28:33Z,FIN27E,"62.955479,25.067209",38000,369,1
1766932145,2025-12-28T14:29:05Z,FIN27E,"63.010456,25.069427",38000,367,1
1766932176,2025-12-28T14:29:36Z,FIN27E,"63.062622,25.071512",38000,366,1
1766932208,2025-12-28T14:30:08Z,FIN27E,"63.116455,25.073759",38000,366,1
1766932240,2025-12-28T14:30:40Z,FIN27E,"63.171204,25.075989",38000,369,1
1766932273,2025-12-28T14:31:13Z,FIN27E,"63.226868,25.0783",38000,369,1
1766932305,2025-12-28T14:31:45Z,FIN27E,"63.282368,25.080469",38000,371,1
1766932338,2025-12-28T14:32:18Z,FIN27E,"63.337646,25.082737",38000,371,1
1766932370,2025-12-28T14:32:50Z,FIN27E,"63.392532,25.084957",38000,373,1
1766932400,2025-12-28T14:33:20Z,FIN27E,"63.444717,25.087069",38000,374,1
1766932432,2025-12-28T14:33:52Z,FIN27E,"63.500137,25.089367",38000,373,1
1766932464,2025-12-28T14:34:24Z,FIN27E,"63.554764,25.091612",38000,375,1
1766932497,2025-12-28T14:34:57Z,FIN27E,"63.610466,25.093872",38000,375,1
1766932529,2025-12-28T14:35:29Z,FIN27E,"63.666328,25.096289",38000,374,1
1766932561,2025-12-28T14:36:01Z,FIN27E,"63.720703,25.098486",37975,372,1
1766932593,2025-12-28T14:36:33Z,FIN27E,"63.776093,25.100908",38000,372,1
1766932625,2025-12-28T14:37:05Z,FIN27E,"63.831638,25.10321",38000,371,1
1766932657,2025-12-28T14:37:37Z,FIN27E,"63.886475,25.105408",38000,374,1
1766932689,2025-12-28T14:38:09Z,FIN27E,"63.941967,25.107824",38000,376,1
1766932720,2025-12-28T14:38:40Z,FIN27E,"63.995361,25.110098",38000,373,1
1766932752,2025-12-28T14:39:12Z,FIN27E,"64.049606,25.112316",38000,373,1
1766932784,2025-12-28T14:39:44Z,FIN27E,"64.104263,25.114641",38000,376,1
1766932814,2025-12-28T14:40:14Z,FIN27E,"64.156906,25.116964",38000,376,1
1766932846,2025-12-28T14:40:46Z,FIN27E,"64.212158,25.119289",38000,373,1
1766932878,2025-12-28T14:41:18Z,FIN27E,"64.26709,25.121668",37975,372,1
1766932909,2025-12-28T14:41:49Z,FIN27E,"64.321648,25.124016",38000,374,1
1766932942,2025-12-28T14:42:22Z,FIN27E,"64.377502,25.126392",38025,379,1
1766932974,2025-12-28T14:42:54Z,FIN27E,"64.433578,25.128809",38000,379,1
1766933006,2025-12-28T14:43:26Z,FIN27E,"64.490021,25.129139",38000,379,359
1766933038,2025-12-28T14:43:58Z,FIN27E,"64.544815,25.128918",38000,381,359
1766933056,2025-12-28T14:44:16Z,FIN27E,"64.578415,25.128918",38000,382,359
1766933059,2025-12-28T14:44:19Z,FIN27E,"64.582291,25.128822",38000,382,359
1766933061,2025-12-28T14:44:21Z,FIN27E,"64.585602,25.128918",38000,382,359
1766933063,2025-12-28T14:44:23Z,FIN27E,"64.589767,25.128918",38000,382,359
1766933065,2025-12-28T14:44:25Z,FIN27E,"64.593559,25.128822",38000,382,358
1766933067,2025-12-28T14:44:27Z,FIN27E,"64.597794,25.128822",38000,382,359
1766933070,2025-12-28T14:44:30Z,FIN27E,"64.601288,25.128822",38000,381,358
1766933072,2025-12-28T14:44:32Z,FIN27E,"64.604599,25.128918",38000,381,1
1766933074,2025-12-28T14:44:34Z,FIN27E,"64.609016,25.128822",38000,381,1
1766933076,2025-12-28T14:44:36Z,FIN27E,"64.612694,25.128822",38000,381,1
1766933078,2025-12-28T14:44:38Z,FIN27E,"64.616043,25.128822",38000,381,358
1766933080,2025-12-28T14:44:40Z,FIN27E,"64.619339,25.128809",38000,381,358
1766933082,2025-12-28T14:44:42Z,FIN27E,"64.623772,25.128822",38000,381,358
1766933084,2025-12-28T14:44:44Z,FIN27E,"64.627258,25.128822",38000,380,359
1766933086,2025-12-28T14:44:46Z,FIN27E,"64.630753,25.128822",38000,380,359
1766933088,2025-12-28T14:44:48Z,FIN27E,"64.634628,25.128918",38000,380,359
1766933091,2025-12-28T14:44:51Z,FIN27E,"64.63797,25.128822",38000,380,359
1766933093,2025-12-28T14:44:53Z,FIN27E,"64.641273,25.128822",38000,380,359
1766933124,2025-12-28T14:45:24Z,FIN27E,"64.696838,25.128918",38000,378,359
1766933156,2025-12-28T14:45:56Z,FIN27E,"64.752815,25.128937",38000,377,359
1766933186,2025-12-28T14:46:26Z,FIN27E,"64.804871,25.128918",38000,381,359
1766933219,2025-12-28T14:46:59Z,FIN27E,"64.862862,25.128937",38000,381,359
1766933251,2025-12-28T14:47:31Z,FIN27E,"64.918671,25.129028",38000,379,2
1766933282,2025-12-28T14:48:02Z,FIN27E,"64.972542,25.129051",38000,379,359
1766933314,2025-12-28T14:48:34Z,FIN27E,"65.027893,25.129051",38000,380,359
1766933346,2025-12-28T14:49:06Z,FIN27E,"65.083939,25.129051",38000,380,359
1766933377,2025-12-28T14:49:37Z,FIN27E,"65.138451,25.129051",38000,379,359
1766933410,2025-12-28T14:50:10Z,FIN27E,"65.196899,25.128918",38000,381,359
1766933442,2025-12-28T14:50:42Z,FIN27E,"65.252975,25.128698",38000,379,359
1766933474,2025-12-28T14:51:14Z,FIN27E,"65.307625,25.128365",38025,378,359
1766933505,2025-12-28T14:51:45Z,FIN27E,"65.362274,25.12812",38000,382,359
1766933537,2025-12-28T14:52:17Z,FIN27E,"65.417587,25.127792",38000,381,359
1766933568,2025-12-28T14:52:48Z,FIN27E,"65.473442,25.127523",37900,383,359
1766933601,2025-12-28T14:53:21Z,FIN27E,"65.530197,25.12722",37525,382,359
1766933632,2025-12-28T14:53:52Z,FIN27E,"65.586456,25.126877",37150,381,359
1766933664,2025-12-28T14:54:24Z,FIN27E,"65.641663,25.126648",36775,367,359
1766933696,2025-12-28T14:54:56Z,FIN27E,"65.694893,25.12645",36450,362,359
1766933728,2025-12-28T14:55:28Z,FIN27E,"65.748238,25.126091",36100,363,359
1766933759,2025-12-28T14:55:59Z,FIN27E,"65.799629,25.125732",35800,362,359
1766933791,2025-12-28T14:56:31Z,FIN27E,"65.851959,25.125504",35450,358,359
1766933822,2025-12-28T14:57:02Z,FIN27E,"65.904419,25.12516",35125,357,359
1766933854,2025-12-28T14:57:34Z,FIN27E,"65.956467,25.124897",35000,360,359
1766933885,2025-12-28T14:58:05Z,FIN27E,"66.009109,25.124588",35000,357,359
1766933918,2025-12-28T14:58:38Z,FIN27E,"66.061676,25.124418",35000,354,359
1766933950,2025-12-28T14:59:10Z,FIN27E,"66.113861,25.124777",35000,354,2
1766933958,2025-12-28T14:59:18Z,FIN27E,"66.12764,25.128838",35000,352,9
1766933960,2025-12-28T14:59:20Z,FIN27E,"66.131012,25.130424",35000,352,10
1766933962,2025-12-28T14:59:22Z,FIN27E,"66.134171,25.132027",35000,351,12
1766933965,2025-12-28T14:59:25Z,FIN27E,"66.13765,25.134211",35000,350,14
1766933967,2025-12-28T14:59:27Z,FIN27E,"66.140724,25.13636",35000,350,16
1766933969,2025-12-28T14:59:29Z,FIN27E,"66.144447,25.139227",35000,350,18
1766933971,2025-12-28T14:59:31Z,FIN27E,"66.147469,25.141973",35000,350,20
1766933973,2025-12-28T14:59:33Z,FIN27E,"66.150192,25.144501",35000,350,22
1766933975,2025-12-28T14:59:35Z,FIN27E,"66.153763,25.148163",35000,351,23
1766933977,2025-12-28T14:59:37Z,FIN27E,"66.157059,25.152004",35000,352,25
1766933979,2025-12-28T14:59:39Z,FIN27E,"66.159904,25.155468",35000,352,27
1766933982,2025-12-28T14:59:42Z,FIN27E,"66.163345,25.160124",35000,354,28
1766933984,2025-12-28T14:59:44Z,FIN27E,"66.165985,25.163841",35000,355,31
1766933986,2025-12-28T14:59:46Z,FIN27E,"66.168777,25.16819",35000,356,32
1766933988,2025-12-28T14:59:48Z,FIN27E,"66.172333,25.174097",35000,358,34
1766933990,2025-12-28T14:59:50Z,FIN27E,"66.174683,25.178261",35000,359,36
1766933992,2025-12-28T14:59:52Z,FIN27E,"66.177544,25.183649",35000,362,38
1766933996,2025-12-28T14:59:56Z,FIN27E,"66.182243,25.193441",35000,364,41
1766933998,2025-12-28T14:59:58Z,FIN27E,"66.185135,25.20001",35000,365,43
1766934000,2025-12-28T15:00:00Z,FIN27E,"66.187645,25.2061",35000,366,45
1766934002,2025-12-28T15:00:02Z,FIN27E,"66.18988,25.21195",35000,367,46
1766934004,2025-12-28T15:00:04Z,FIN27E,"66.192627,25.219475",35000,368,49
1766934006,2025-12-28T15:00:06Z,FIN27E,"66.194351,25.224609",35000,369,51
1766934009,2025-12-28T15:00:09Z,FIN27E,"66.197067,25.233307",35000,370,53
1766934011,2025-12-28T15:00:11Z,FIN27E,"66.199081,25.240059",35000,370,54
1766934013,2025-12-28T15:00:13Z,FIN27E,"66.201004,25.247154",35000,370,56
1766934015,2025-12-28T15:00:15Z,FIN27E,"66.203201,25.255852",35025,371,58
1766934017,2025-12-28T15:00:17Z,FIN27E,"66.204575,25.261574",35000,372,60
1766934019,2025-12-28T15:00:19Z,FIN27E,"66.206268,25.269127",35000,373,62
1766934021,2025-12-28T15:00:21Z,FIN27E,"66.208054,25.278168",35000,373,64
1766934023,2025-12-28T15:00:23Z,FIN27E,"66.209518,25.285835",35000,375,65
1766934025,2025-12-28T15:00:25Z,FIN27E,"66.211014,25.294588",35000,376,68
1766934027,2025-12-28T15:00:27Z,FIN27E,"66.212036,25.301037",35000,378,69
1766934029,2025-12-28T15:00:29Z,FIN27E,"66.213501,25.311584",35000,379,71
1766934032,2025-12-28T15:00:32Z,FIN27E,"66.214462,25.319067",35000,381,73
1766934034,2025-12-28T15:00:34Z,FIN27E,"66.215393,25.327427",34975,383,75
1766934036,2025-12-28T15:00:36Z,FIN27E,"66.216415,25.337696",34975,384,77
1766934038,2025-12-28T15:00:38Z,FIN27E,"66.21711,25.346294",34975,384,79
1766934040,2025-12-28T15:00:40Z,FIN27E,"66.217804,25.356216",34975,386,81
1766934042,2025-12-28T15:00:42Z,FIN27E,"66.218277,25.365641",34975,387,83
1766934044,2025-12-28T15:00:44Z,FIN27E,"66.218651,25.374598",35000,388,85
1766934046,2025-12-28T15:00:46Z,FIN27E,"66.218857,25.384026",35000,389,87
1766934049,2025-12-28T15:00:49Z,FIN27E,"66.218994,25.392952",35000,390,89
1766934051,2025-12-28T15:00:51Z,FIN27E,"66.218948,25.403595",35000,392,90
1766934053,2025-12-28T15:00:53Z,FIN27E,"66.218811,25.412865",35000,393,93
1766934055,2025-12-28T15:00:55Z,FIN27E,"66.218536,25.421677",35000,395,95
1766934057,2025-12-28T15:00:57Z,FIN27E,"66.218079,25.43232",35000,396,97
1766934059,2025-12-28T15:00:59Z,FIN27E,"66.217529,25.441475",35000,398,99
1766934061,2025-12-28T15:01:01Z,FIN27E,"66.216789,25.451143",35025,399,101
1766934063,2025-12-28T15:01:03Z,FIN27E,"66.216133,25.458546",35025,400,103
1766934065,2025-12-28T15:01:05Z,FIN27E,"66.214966,25.469856",35025,402,105
1766934067,2025-12-28T15:01:07Z,FIN27E,"66.213997,25.477772",35025,402,107
1766934070,2025-12-28T15:01:10Z,FIN27E,"66.212601,25.488401",35025,404,109
1766934072,2025-12-28T15:01:12Z,FIN27E,"66.211296,25.496998",35000,405,111
1766934074,2025-12-28T15:01:14Z,FIN27E,"66.209854,25.505596",35000,406,113
1766934076,2025-12-28T15:01:16Z,FIN27E,"66.207825,25.516548",35000,407,115
1766934078,2025-12-28T15:01:18Z,FIN27E,"66.206268,25.524107",35000,408,118
1766934080,2025-12-28T15:01:20Z,FIN27E,"66.204254,25.532913",35000,408,119
1766934083,2025-12-28T15:01:23Z,FIN27E,"66.20192,25.542526",35000,410,122
1766934085,2025-12-28T15:01:25Z,FIN27E,"66.199982,25.54978",35000,412,124
1766934087,2025-12-28T15:01:27Z,FIN27E,"66.197838,25.557184",35000,412,126
1766934089,2025-12-28T15:01:29Z,FIN27E,"66.195557,25.564827",35000,414,128
1766934091,2025-12-28T15:01:31Z,FIN27E,"66.192398,25.574341",35000,415,130
1766934093,2025-12-28T15:01:33Z,FIN27E,"66.189598,25.582024",35000,416,132
1766934095,2025-12-28T15:01:35Z,FIN27E,"66.18718,25.588303",35000,416,134
1766934097,2025-12-28T15:01:37Z,FIN27E,"66.184387,25.59494",35000,416,137
1766934099,2025-12-28T15:01:39Z,FIN27E,"66.181503,25.601349",35000,417,139
1766934101,2025-12-28T15:01:41Z,FIN27E,"66.178574,25.607414",35025,417,140
1766934104,2025-12-28T15:01:44Z,FIN27E,"66.174706,25.614983",35025,418,142
1766934106,2025-12-28T15:01:46Z,FIN27E,"66.171585,25.620594",35025,418,145
1766934108,2025-12-28T15:01:48Z,FIN27E,"66.168091,25.626411",35025,419,147
1766934110,2025-12-28T15:01:50Z,FIN27E,"66.164795,25.631447",35000,418,149
1766934112,2025-12-28T15:01:52Z,FIN27E,"66.160767,25.637054",35000,417,151
1766934114,2025-12-28T15:01:54Z,FIN27E,"66.157333,25.641403",35000,416,153
1766934117,2025-12-28T15:01:57Z,FIN27E,"66.154175,25.645075",35000,416,156
1766934119,2025-12-28T15:01:59Z,FIN27E,"66.149643,25.649757",35000,415,158
1766934121,2025-12-28T15:02:01Z,FIN27E,"66.146355,25.652838",35000,414,160
1766934123,2025-12-28T15:02:03Z,FIN27E,"66.142769,25.655823",35000,414,162
1766934125,2025-12-28T15:02:05Z,FIN27E,"66.138748,25.658798",35000,414,164
1766934127,2025-12-28T15:02:07Z,FIN27E,"66.135086,25.661201",35000,413,165
1766934129,2025-12-28T15:02:09Z,FIN27E,"66.130989,25.663465",35000,413,167
1766934131,2025-12-28T15:02:11Z,FIN27E,"66.127625,25.665092",35000,412,169
1766934133,2025-12-28T15:02:13Z,FIN27E,"66.123138,25.666809",35000,411,172
1766934135,2025-12-28T15:02:15Z,FIN27E,"66.11898,25.668003",35000,411,174
1766934138,2025-12-28T15:02:18Z,FIN27E,"66.11554,25.66864",34975,409,176
1766934140,2025-12-28T15:02:20Z,FIN27E,"66.111099,25.669212",34975,409,177
1766934142,2025-12-28T15:02:22Z,FIN27E,"66.106781,25.669436",34975,409,178
1766934144,2025-12-28T15:02:24Z,FIN27E,"66.102676,25.669556",34975,409,179
1766934146,2025-12-28T15:02:26Z,FIN27E,"66.098877,25.66967",34975,409,179
1766934148,2025-12-28T15:02:28Z,FIN27E,"66.094528,25.66967",34975,408,179
1766934150,2025-12-28T15:02:30Z,FIN27E,"66.090775,25.66967",35000,408,180
1766934152,2025-12-28T15:02:32Z,FIN27E,"66.087021,25.66967",35000,408,180
1766934154,2025-12-28T15:02:34Z,FIN27E,"66.083511,25.669556",35000,408,180
1766934157,2025-12-28T15:02:37Z,FIN27E,"66.079468,25.669441",35000,408,180
1766934159,2025-12-28T15:02:39Z,FIN27E,"66.075714,25.669327",35000,407,180
1766934161,2025-12-28T15:02:41Z,FIN27E,"66.071594,25.669197",35000,406,180
1766934190,2025-12-28T15:03:10Z,FIN27E,"66.016052,25.667526",34975,407,180
1766934222,2025-12-28T15:03:42Z,FIN27E,"65.955772,25.666332",35000,410,180
1766934237,2025-12-28T15:03:57Z,FIN27E,"65.928207,25.659763",35000,403,191
1766934239,2025-12-28T15:03:59Z,FIN27E,"65.924973,25.658112",35000,403,192
1766934241,2025-12-28T15:04:01Z,FIN27E,"65.920624,25.655365",35000,402,194
1766934243,2025-12-28T15:04:03Z,FIN27E,"65.917099,25.652847",35000,400,196
1766934245,2025-12-28T15:04:05Z,FIN27E,"65.91362,25.649986",35000,399,198
1766934247,2025-12-28T15:04:07Z,FIN27E,"65.910141,25.646896",35000,398,201
1766934249,2025-12-28T15:04:09Z,FIN27E,"65.906113,25.642891",35000,396,203
1766934252,2025-12-28T15:04:12Z,FIN27E,"65.903122,25.639582",35000,395,205
1766934254,2025-12-28T15:04:14Z,FIN27E,"65.89888,25.634422",35000,394,207
1766934256,2025-12-28T15:04:16Z,FIN27E,"65.895584,25.629959",35000,393,209
1766934259,2025-12-28T15:04:19Z,FIN27E,"65.892082,25.624893",35000,391,211
1766934261,2025-12-28T15:04:21Z,FIN27E,"65.888641,25.6194",35000,390,213
1766934263,2025-12-28T15:04:23Z,FIN27E,"65.884827,25.612793",35000,389,216
1766934265,2025-12-28T15:04:25Z,FIN27E,"65.881989,25.607529",35000,387,218
1766934267,2025-12-28T15:04:27Z,FIN27E,"65.879242,25.602036",35000,386,220
1766934269,2025-12-28T15:04:29Z,FIN27E,"65.876541,25.596313",35000,384,221
1766934272,2025-12-28T15:04:32Z,FIN27E,"65.873978,25.590477",35000,382,224
1766934274,2025-12-28T15:04:34Z,FIN27E,"65.871231,25.583815",35000,381,225
1766934276,2025-12-28T15:04:36Z,FIN27E,"65.868813,25.577604",35000,380,227
1766934278,2025-12-28T15:04:38Z,FIN27E,"65.866066,25.569843",35000,378,229
1766934280,2025-12-28T15:04:40Z,FIN27E,"65.863876,25.563274",35000,377,231
1766934282,2025-12-28T15:04:42Z,FIN27E,"65.861732,25.556587",35000,375,233
1766934284,2025-12-28T15:04:44Z,FIN27E,"65.859734,25.549662",35000,374,235
1766934286,2025-12-28T15:04:46Z,FIN27E,"65.857826,25.542736",35000,372,237
1766934288,2025-12-28T15:04:48Z,FIN27E,"65.855804,25.534973",35000,370,238
1766934290,2025-12-28T15:04:50Z,FIN27E,"65.853745,25.526276",35000,368,240
1766934293,2025-12-28T15:04:53Z,FIN27E,"65.852188,25.518951",35000,368,243
1766934295,2025-12-28T15:04:55Z,FIN27E,"65.850677,25.511513",35000,367,244
1766934297,2025-12-28T15:04:57Z,FIN27E,"65.849258,25.504074",35000,364,246
1766934299,2025-12-28T15:04:59Z,FIN27E,"65.847656,25.494576",35000,363,248
1766934301,2025-12-28T15:05:01Z,FIN27E,"65.84642,25.48649",35000,362,249
1766934303,2025-12-28T15:05:03Z,FIN27E,"65.845581,25.4804",35000,362,251
1766934305,2025-12-28T15:05:05Z,FIN27E,"65.844604,25.472637",35000,360,253
1766934307,2025-12-28T15:05:07Z,FIN27E,"65.843582,25.46402",35000,359,254
1766934309,2025-12-28T15:05:09Z,FIN27E,"65.842743,25.455442",35000,358,257
1766934311,2025-12-28T15:05:11Z,FIN27E,"65.842041,25.447559",35000,357,258
1766934313,2025-12-28T15:05:13Z,FIN27E,"65.841347,25.438126",35000,355,260
1766934315,2025-12-28T15:05:15Z,FIN27E,"65.840881,25.430244",34975,354,262
1766934318,2025-12-28T15:05:18Z,FIN27E,"65.840508,25.422363",34975,351,264
1766934320,2025-12-28T15:05:20Z,FIN27E,"65.840179,25.41293",34975,350,266
1766934322,2025-12-28T15:05:22Z,FIN27E,"65.840057,25.403938",34975,349,268
1766934324,2025-12-28T15:05:24Z,FIN27E,"65.839996,25.395733",34975,348,269
1766934326,2025-12-28T15:05:26Z,FIN27E,"65.840057,25.388374",35000,346,271
1766934328,2025-12-28T15:05:28Z,FIN27E,"65.840225,25.378538",35000,345,273
1766934330,2025-12-28T15:05:30Z,FIN27E,"65.840508,25.370775",35000,345,274
1766934333,2025-12-28T15:05:33Z,FIN27E,"65.840828,25.363132",35000,344,276
1766934335,2025-12-28T15:05:35Z,FIN27E,"65.841339,25.354271",35000,343,278
1766934337,2025-12-28T15:05:37Z,FIN27E,"65.841858,25.346294",35000,343,280
1766934339,2025-12-28T15:05:39Z,FIN27E,"65.842506,25.338652",35000,343,281
1766934341,2025-12-28T15:05:41Z,FIN27E,"65.843208,25.331129",35000,341,283
1766934343,2025-12-28T15:05:43Z,FIN27E,"65.844086,25.323029",34975,341,285
1766934345,2025-12-28T15:05:45Z,FIN27E,"65.845139,25.314217",34975,340,287
1766934348,2025-12-28T15:05:48Z,FIN27E,"65.846146,25.307007",35000,339,289
1766934350,2025-12-28T15:05:50Z,FIN27E,"65.847198,25.299683",35000,338,290
1766934352,2025-12-28T15:05:52Z,FIN27E,"65.848618,25.291328",35000,338,292
1766934354,2025-12-28T15:05:54Z,FIN27E,"65.849854,25.284348",35000,338,294
1766934356,2025-12-28T15:05:56Z,FIN27E,"65.851303,25.276794",35000,338,295
1766934358,2025-12-28T15:05:58Z,FIN27E,"65.852699,25.269987",35025,337,297
1766934361,2025-12-28T15:06:01Z,FIN27E,"65.854195,25.2633",35000,337,299
1766934363,2025-12-28T15:06:03Z,FIN27E,"65.85582,25.256495",35000,337,301
1766934365,2025-12-28T15:06:05Z,FIN27E,"65.85791,25.248184",35000,336,302
1766934367,2025-12-28T15:06:07Z,FIN27E,"65.859283,25.243263",35000,337,304
1766934369,2025-12-28T15:06:09Z,FIN27E,"65.861641,25.235119",35025,336,306
1766934371,2025-12-28T15:06:11Z,FIN27E,"65.863503,25.229029",35025,335,307
1766934373,2025-12-28T15:06:13Z,FIN27E,"65.86528,25.223694",35000,335,309
1766934375,2025-12-28T15:06:15Z,FIN27E,"65.867783,25.21649",35000,334,310
1766934377,2025-12-28T15:06:17Z,FIN27E,"65.869881,25.210876",35000,335,312
1766934379,2025-12-28T15:06:19Z,FIN27E,"65.872025,25.205383",34975,334,314
1766934382,2025-12-28T15:06:22Z,FIN27E,"65.873978,25.200691",34975,334,316
1766934384,2025-12-28T15:06:24Z,FIN27E,"65.876678,25.194511",34975,334,318
1766934386,2025-12-28T15:06:26Z,FIN27E,"65.879013,25.18959",34975,333,320
1766934388,2025-12-28T15:06:28Z,FIN27E,"65.881615,25.184366",35000,333,321
1766934390,2025-12-28T15:06:30Z,FIN27E,"65.88459,25.178753",35000,333,323
1766934392,2025-12-28T15:06:32Z,FIN27E,"65.88739,25.173798",35000,333,324
1766934395,2025-12-28T15:06:35Z,FIN27E,"65.889816,25.169792",35000,334,326
1766934397,2025-12-28T15:06:37Z,FIN27E,"65.892227,25.165976",35000,334,328
1766934399,2025-12-28T15:06:39Z,FIN27E,"65.895081,25.161781",35000,334,329
1766934401,2025-12-28T15:06:41Z,FIN27E,"65.898331,25.157318",35000,334,331
1766934403,2025-12-28T15:06:43Z,FIN27E,"65.900841,25.154154",35000,335,333
1766934405,2025-12-28T15:06:45Z,FIN27E,"65.903633,25.15081",35000,335,334
1766934407,2025-12-28T15:06:47Z,FIN27E,"65.906982,25.147108",35000,336,336
1766934409,2025-12-28T15:06:49Z,FIN27E,"65.909775,25.144241",35025,337,338
1766934411,2025-12-28T15:06:51Z,FIN27E,"65.912979,25.141182",35025,338,338
1766934413,2025-12-28T15:06:53Z,FIN27E,"65.915733,25.138868",35000,338,341
1766934415,2025-12-28T15:06:55Z,FIN27E,"65.918335,25.136833",35000,339,343
1766934417,2025-12-28T15:06:57Z,FIN27E,"65.922203,25.134092",35000,340,344
1766934419,2025-12-28T15:06:59Z,FIN27E,"65.925278,25.132181",35000,341,346
1766934422,2025-12-28T15:07:02Z,FIN27E,"65.928398,25.130508",35000,342,348
1766934424,2025-12-28T15:07:04Z,FIN27E,"65.931839,25.128822",35000,342,349
1766934426,2025-12-28T15:07:06Z,FIN27E,"65.93486,25.127678",35000,343,351
1766934428,2025-12-28T15:07:08Z,FIN27E,"65.93866,25.126534",35000,344,353
1766934430,2025-12-28T15:07:10Z,FIN27E,"65.941864,25.125732",35000,344,355
1766934432,2025-12-28T15:07:12Z,FIN27E,"65.944977,25.125275",35000,345,357
1766934434,2025-12-28T15:07:14Z,FIN27E,"65.949112,25.124897",35000,346,358
1766934437,2025-12-28T15:07:17Z,FIN27E,"65.952278,25.124777",35000,346,359
1766934439,2025-12-28T15:07:19Z,FIN27E,"65.95578,25.124588",35025,346,359
1766934441,2025-12-28T15:07:21Z,FIN27E,"65.958984,25.124588",35025,346,359
1766934443,2025-12-28T15:07:23Z,FIN27E,"65.962234,25.124474",35000,346,359
1766934446,2025-12-28T15:07:26Z,FIN27E,"65.96608,25.124474",35000,346,359
1766934448,2025-12-28T15:07:28Z,FIN27E,"65.969193,25.124474",35000,346,359
1766934450,2025-12-28T15:07:30Z,FIN27E,"65.972351,25.124474",35000,345,359
1766934452,2025-12-28T15:07:32Z,FIN27E,"65.976288,25.124474",35000,345,359
1766934484,2025-12-28T15:08:04Z,FIN27E,"66.026573,25.124777",35000,341,359
1766934516,2025-12-28T15:08:36Z,FIN27E,"66.076904,25.124702",35000,338,359
1766934547,2025-12-28T15:09:07Z,FIN27E,"66.125732,25.128002",35000,340,8
1766934549,2025-12-28T15:09:09Z,FIN27E,"66.128807,25.129314",35000,341,10
1766934551,2025-12-28T15:09:11Z,FIN27E,"66.132202,25.131111",35000,342,12
1766934553,2025-12-28T15:09:13Z,FIN27E,"66.134811,25.132599",35000,343,14
1766934555,2025-12-28T15:09:15Z,FIN27E,"66.138672,25.135166",35000,345,15
1766934557,2025-12-28T15:09:17Z,FIN27E,"66.141701,25.137436",35000,346,17
1766934560,2025-12-28T15:09:20Z,FIN27E,"66.145332,25.140539",35000,347,19
1766934562,2025-12-28T15:09:22Z,FIN27E,"66.148354,25.143406",35000,348,21
1766934564,2025-12-28T15:09:24Z,FIN27E,"66.151291,25.146511",35000,349,23
1766934566,2025-12-28T15:09:26Z,FIN27E,"66.155136,25.150795",35000,351,25
1766934568,2025-12-28T15:09:28Z,FIN27E,"66.157715,25.154034",35000,351,27
1766934570,2025-12-28T15:09:30Z,FIN27E,"66.160599,25.157856",35000,353,28
1766934572,2025-12-28T15:09:32Z,FIN27E,"66.163239,25.161667",35000,354,30
1766934574,2025-12-28T15:09:34Z,FIN27E,"66.166031,25.165901",35000,355,32
1766934577,2025-12-28T15:09:37Z,FIN27E,"66.168777,25.170479",35000,356,34
1766934579,2025-12-28T15:09:39Z,FIN27E,"66.172096,25.176365",35000,357,36
1766934581,2025-12-28T15:09:41Z,FIN27E,"66.175217,25.182455",35000,358,38
1766934583,2025-12-28T15:09:43Z,FIN27E,"66.17778,25.18771",35000,359,40
1766934585,2025-12-28T15:09:45Z,FIN27E,"66.180244,25.193203",35000,361,42
1766934587,2025-12-28T15:09:47Z,FIN27E,"66.182663,25.198935",35000,362,44
1766934589,2025-12-28T15:09:49Z,FIN27E,"66.185257,25.205498",35000,364,46
1766934591,2025-12-28T15:09:51Z,FIN27E,"66.18737,25.211235",35025,366,48
1766934594,2025-12-28T15:09:54Z,FIN27E,"66.189507,25.217325",35025,367,50
1766934596,2025-12-28T15:09:56Z,FIN27E,"66.192307,25.225868",35025,369,52
1766934598,2025-12-28T15:09:58Z,FIN27E,"66.194321,25.23262",35025,370,53
1766934600,2025-12-28T15:10:00Z,FIN27E,"66.196701,25.241203",35025,373,56
1766934602,2025-12-28T15:10:02Z,FIN27E,"66.198166,25.246811",35000,375,57
1766934604,2025-12-28T15:10:04Z,FIN27E,"66.200638,25.257111",35000,377,60
1766934606,2025-12-28T15:10:06Z,FIN27E,"66.202286,25.264664",35000,379,62
1766934608,2025-12-28T15:10:08Z,FIN27E,"66.203842,25.272446",34975,380,64
1766934611,2025-12-28T15:10:11Z,FIN27E,"66.205193,25.2799",34975,382,66
1766934613,2025-12-28T15:10:13Z,FIN27E,"66.206497,25.287661",34975,382,68
1766934615,2025-12-28T15:10:15Z,FIN27E,"66.20787,25.296707",34975,383,70
1766934617,2025-12-28T15:10:17Z,FIN27E,"66.209106,25.305813",34975,385,72
1766934619,2025-12-28T15:10:19Z,FIN27E,"66.21032,25.316202",35000,385,74
1766934621,2025-12-28T15:10:21Z,FIN27E,"66.211342,25.326591",35000,387,76
1766934624,2025-12-28T15:10:24Z,FIN27E,"66.212181,25.336861",35025,389,79
1766934626,2025-12-28T15:10:26Z,FIN27E,"66.212784,25.345459",35025,390,81
1766934628,2025-12-28T15:10:28Z,FIN27E,"66.213272,25.355186",35025,391,83
1766934630,2025-12-28T15:10:30Z,FIN27E,"66.213623,25.363491",35025,393,85
1766934633,2025-12-28T15:10:33Z,FIN27E,"66.213898,25.374119",35025,394,87
1766934635,2025-12-28T15:10:35Z,FIN27E,"66.213951,25.382956",35000,396,89
1766934637,2025-12-28T15:10:37Z,FIN27E,"66.213867,25.394783",35000,397,92
1766934639,2025-12-28T15:10:39Z,FIN27E,"66.213684,25.403824",35000,398,94
1766934641,2025-12-28T15:10:41Z,FIN27E,"66.213409,25.411377",35000,400,96
1766934643,2025-12-28T15:10:43Z,FIN27E,"66.21286,25.42202",35000,400,98
1766934645,2025-12-28T15:10:45Z,FIN27E,"66.212318,25.430244",35000,402,100
1766934647,2025-12-28T15:10:47Z,FIN27E,"66.211487,25.440216",35000,403,102
1766934649,2025-12-28T15:10:49Z,FIN27E,"66.210548,25.449829",35000,404,104
1766934651,2025-12-28T15:10:51Z,FIN27E,"66.209526,25.458904",35000,406,107
1766934653,2025-12-28T15:10:53Z,FIN27E,"66.208191,25.468826",35025,408,109
1766934656,2025-12-28T15:10:56Z,FIN27E,"66.206779,25.47813",35050,409,111
1766934658,2025-12-28T15:10:58Z,FIN27E,"66.20549,25.486107",35050,411,113
1766934660,2025-12-28T15:11:00Z,FIN27E,"66.203659,25.496178",35025,412,114
1766934662,2025-12-28T15:11:02Z,FIN27E,"66.201797,25.505596",35000,414,117
1766934664,2025-12-28T15:11:04Z,FIN27E,"66.199982,25.513836",34975,415,119
1766934666,2025-12-28T15:11:06Z,FIN27E,"66.197754,25.523186",34975,415,121
1766934668,2025-12-28T15:11:08Z,FIN27E,"66.195465,25.531509",34975,416,124
1766934670,2025-12-28T15:11:10Z,FIN27E,"66.19323,25.539152",34975,416,127
1766934673,2025-12-28T15:11:13Z,FIN27E,"66.190857,25.546677",34975,416,129
1766934675,2025-12-28T15:11:15Z,FIN27E,"66.188141,25.554657",35000,415,131
1766934677,2025-12-28T15:11:17Z,FIN27E,"66.185028,25.563011",35000,416,133
1766934679,2025-12-28T15:11:19Z,FIN27E,"66.182327,25.569878",35000,416,135
1766934681,2025-12-28T15:11:21Z,FIN27E,"66.178894,25.577888",35000,416,137
1766934684,2025-12-28T15:11:24Z,FIN27E,"66.176102,25.583839",35025,416,139
1766934686,2025-12-28T15:11:26Z,FIN27E,"66.17308,25.58979",35025,416,142
1766934688,2025-12-28T15:11:28Z,FIN27E,"66.169724,25.595995",35025,416,144
1766934690,2025-12-28T15:11:30Z,FIN27E,"66.166512,25.601488",35000,415,146
1766934692,2025-12-28T15:11:32Z,FIN27E,"66.162918,25.607185",35000,415,148
1766934694,2025-12-28T15:11:34Z,FIN27E,"66.159027,25.612679",35000,414,150
1766934696,2025-12-28T15:11:36Z,FIN27E,"66.155342,25.617371",35000,412,153
1766934698,2025-12-28T15:11:38Z,FIN27E,"66.151894,25.621431",35000,412,155
1766934701,2025-12-28T15:11:41Z,FIN27E,"66.14859,25.624809",35000,412,158
1766934703,2025-12-28T15:11:43Z,FIN27E,"66.14447,25.6287",35000,413,160
1766934705,2025-12-28T15:11:45Z,FIN27E,"66.140854,25.631676",35000,412,162
1766934707,2025-12-28T15:11:47Z,FIN27E,"66.136116,25.635044",35000,412,164
1766934709,2025-12-28T15:11:49Z,FIN27E,"66.132339,25.637432",35000,412,166
1766934711,2025-12-28T15:11:51Z,FIN27E,"66.129456,25.638985",35000,412,168
1766934713,2025-12-28T15:11:53Z,FIN27E,"66.124603,25.641174",35000,412,170
1766934715,2025-12-28T15:11:55Z,FIN27E,"66.12117,25.642328",35000,412,173
1766934717,2025-12-28T15:11:57Z,FIN27E,"66.11705,25.643349",35000,411,175
1766934720,2025-12-28T15:12:00Z,FIN27E,"66.113297,25.643921",34975,410,176
1766934722,2025-12-28T15:12:02Z,FIN27E,"66.108765,25.644379",34975,410,178
1766934724,2025-12-28T15:12:04Z,FIN27E,"66.104965,25.644493",34975,410,178
1766934726,2025-12-28T15:12:06Z,FIN27E,"66.101898,25.644608",34975,410,179
1766934728,2025-12-28T15:12:08Z,FIN27E,"66.096962,25.644836",34975,410,179
1766934730,2025-12-28T15:12:10Z,FIN27E,"66.09288,25.644836",34975,410,179
1766934732,2025-12-28T15:12:12Z,FIN27E,"66.089081,25.644836",34975,410,180
1766934734,2025-12-28T15:12:14Z,FIN27E,"66.084808,25.644716",35000,409,180
1766934737,2025-12-28T15:12:17Z,FIN27E,"66.080795,25.644608",35000,409,180
1766934739,2025-12-28T15:12:19Z,FIN27E,"66.076309,25.644493",35000,409,180
1766934741,2025-12-28T15:12:21Z,FIN27E,"66.072891,25.64436",35000,408,180
1766934743,2025-12-28T15:12:23Z,FIN27E,"66.068756,25.64415",35000,409,180
1766934774,2025-12-28T15:12:54Z,FIN27E,"66.010071,25.642433",34975,407,180
1766934804,2025-12-28T15:13:24Z,FIN27E,"65.953766,25.640945",35000,407,182
1766934815,2025-12-28T15:13:35Z,FIN27E,"65.93454,25.634766",35000,403,192
1766934817,2025-12-28T15:13:37Z,FIN27E,"65.930923,25.632706",35000,402,193
1766934819,2025-12-28T15:13:39Z,FIN27E,"65.92662,25.629959",35000,401,195
1766934821,2025-12-28T15:13:41Z,FIN27E,"65.923096,25.627213",35000,400,197
1766934823,2025-12-28T15:13:43Z,FIN27E,"65.919785,25.624416",35000,398,199
1766934825,2025-12-28T15:13:45Z,FIN27E,"65.915497,25.620346",35000,397,202
1766934827,2025-12-28T15:13:47Z,FIN27E,"65.912155,25.616798",35000,396,204
1766934829,2025-12-28T15:13:49Z,FIN27E,"65.908905,25.612907",35000,394,206
1766934832,2025-12-28T15:13:52Z,FIN27E,"65.90506,25.607872",35000,392,208
1766934834,2025-12-28T15:13:54Z,FIN27E,"65.901947,25.603409",35000,392,210
1766934836,2025-12-28T15:13:56Z,FIN27E,"65.89888,25.598717",35000,389,212
1766934838,2025-12-28T15:13:58Z,FIN27E,"65.895905,25.593796",35000,388,214
1766934840,2025-12-28T15:14:00Z,FIN27E,"65.892738,25.588114",35000,387,216
1766934842,2025-12-28T15:14:02Z,FIN27E,"65.890228,25.583382",35000,385,218
1766934844,2025-12-28T15:14:04Z,FIN27E,"65.887527,25.577774",35000,383,221
1766934846,2025-12-28T15:14:06Z,FIN27E,"65.884781,25.571823",35000,382,223
1766934848,2025-12-28T15:14:08Z,FIN27E,"65.881615,25.56423",35000,380,224
1766934850,2025-12-28T15:14:10Z,FIN27E,"65.879189,25.55814",35000,378,227
1766934852,2025-12-28T15:14:12Z,FIN27E,"65.876862,25.551691",35000,377,228
1766934855,2025-12-28T15:14:15Z,FIN27E,"65.874893,25.545959",35000,375,230
1766934857,2025-12-28T15:14:17Z,FIN27E,"65.872116,25.537243",35000,374,232
1766934859,2025-12-28T15:14:19Z,FIN27E,"65.870064,25.530554",35000,372,233
1766934861,2025-12-28T15:14:21Z,FIN27E,"65.868256,25.52433",35000,371,235
1766934863,2025-12-28T15:14:23Z,FIN27E,"65.866203,25.516703",35000,371,237
1766934865,2025-12-28T15:14:25Z,FIN27E,"65.864388,25.509537",35000,369,238
1766934867,2025-12-28T15:14:27Z,FIN27E,"65.862663,25.502373",35000,368,240
1766934869,2025-12-28T15:14:29Z,FIN27E,"65.860619,25.493298",35000,367,242
1766934871,2025-12-28T15:14:31Z,FIN27E,"65.859123,25.486132",34975,366,243
1766934873,2025-12-28T15:14:33Z,FIN27E,"65.85759,25.47821",35000,365,245
1766934876,2025-12-28T15:14:36Z,FIN27E,"65.856262,25.470657",35000,363,247
1766934878,2025-12-28T15:14:38Z,FIN27E,"65.855125,25.4638",35000,361,248
1766934880,2025-12-28T15:14:40Z,FIN27E,"65.853607,25.453949",35000,359,250
1766934882,2025-12-28T15:14:42Z,FIN27E,"65.852737,25.447884",35000,358,251
1766934884,2025-12-28T15:14:44Z,FIN27E,"65.851448,25.437887",34975,355,253
1766934886,2025-12-28T15:14:46Z,FIN27E,"65.850563,25.430244",34925,354,254
1766934888,2025-12-28T15:14:48Z,FIN27E,"65.849586,25.421049",34875,352,256
1766934891,2025-12-28T15:14:51Z,FIN27E,"65.848892,25.413666",34825,351,257
1766934893,2025-12-28T15:14:53Z,FIN27E,"65.848091,25.403734",34725,350,259
1766934895,2025-12-28T15:14:55Z,FIN27E,"65.847488,25.394659",34625,350,261
1766934897,2025-12-28T15:14:57Z,FIN27E,"65.847069,25.386896",34525,349,262
1766934899,2025-12-28T15:14:59Z,FIN27E,"65.846741,25.379448",34425,349,264
1766934901,2025-12-28T15:15:01Z,FIN27E,"65.846466,25.372009",34325,349,266
1766934903,2025-12-28T15:15:03Z,FIN27E,"65.846329,25.362625",34225,349,268
1766934905,2025-12-28T15:15:05Z,FIN27E,"65.846283,25.354729",34125,348,269
1766934908,2025-12-28T15:15:08Z,FIN27E,"65.846329,25.346947",34050,348,271
1766934910,2025-12-28T15:15:10Z,FIN27E,"65.846558,25.336861",33950,346,273
1766934912,2025-12-28T15:15:12Z,FIN27E,"65.846832,25.32795",33850,346,275
1766934914,2025-12-28T15:15:14Z,FIN27E,"65.847198,25.320511",33775,345,277
1766934916,2025-12-28T15:15:16Z,FIN27E,"65.847656,25.312843",33700,344,278
1766934919,2025-12-28T15:15:19Z,FIN27E,"65.848251,25.304832",33625,344,280
1766934921,2025-12-28T15:15:21Z,FIN27E,"65.848984,25.296021",33525,344,282
1766934923,2025-12-28T15:15:23Z,FIN27E,"65.84977,25.287781",33425,344,284
1766934925,2025-12-28T15:15:25Z,FIN27E,"65.850655,25.280138",33325,344,285
1766934927,2025-12-28T15:15:27Z,FIN27E,"65.851585,25.272615",33225,344,287
1766934929,2025-12-28T15:15:29Z,FIN27E,"65.852829,25.26329",33075,344,288
1766934931,2025-12-28T15:15:31Z,FIN27E,"65.853973,25.256081",32975,345,291
1766934933,2025-12-28T15:15:33Z,FIN27E,"65.855164,25.248756",32900,345,293
1766934936,2025-12-28T15:15:36Z,FIN27E,"65.856766,25.240173",32775,346,294
1766934938,2025-12-28T15:15:38Z,FIN27E,"65.858185,25.233307",32725,345,296
1766934940,2025-12-28T15:15:40Z,FIN27E,"65.85965,25.226326",32650,345,298
1766934942,2025-12-28T15:15:42Z,FIN27E,"65.861404,25.218878",32575,345,300
1766934944,2025-12-28T15:15:44Z,FIN27E,"65.863174,25.211678",32500,344,301
1766934946,2025-12-28T15:15:46Z,FIN27E,"65.864548,25.206413",32425,345,303
1766934948,2025-12-28T15:15:48Z,FIN27E,"65.866898,25.198099",32300,344,305
1766934950,2025-12-28T15:15:50Z,FIN27E,"65.868668,25.192223",32200,344,307
1766934952,2025-12-28T15:15:52Z,FIN27E,"65.87059,25.186272",32125,344,308
1766934954,2025-12-28T15:15:54Z,FIN27E,"65.872765,25.179829",32025,345,309
1766934957,2025-12-28T15:15:57Z,FIN27E,"65.874756,25.174255",31925,346,312
1766934959,2025-12-28T15:15:59Z,FIN27E,"65.877518,25.167051",31825,346,314
1766934961,2025-12-28T15:16:01Z,FIN27E,"65.879517,25.162125",31750,346,315
1766934963,2025-12-28T15:16:03Z,FIN27E,"65.882126,25.156065",31650,346,317
1766934965,2025-12-28T15:16:05Z,FIN27E,"65.884689,25.150566",31575,346,319
1766934967,2025-12-28T15:16:07Z,FIN27E,"65.887161,25.145531",31525,346,321
1766934969,2025-12-28T15:16:09Z,FIN27E,"65.890182,25.139809",31425,346,322
1766934971,2025-12-28T15:16:11Z,FIN27E,"65.892601,25.135525",31375,345,324
1766934974,2025-12-28T15:16:14Z,FIN27E,"65.895401,25.130882",31300,345,326
1766934976,2025-12-28T15:16:16Z,FIN27E,"65.898323,25.126209",31250,344,328
1766934978,2025-12-28T15:16:18Z,FIN27E,"65.90107,25.122269",31200,343,329
1766934980,2025-12-28T15:16:20Z,FIN27E,"65.903908,25.118328",31100,344,331
1766934982,2025-12-28T15:16:22Z,FIN27E,"65.907028,25.114288",31025,344,332
1766934984,2025-12-28T15:16:24Z,FIN27E,"65.909775,25.111084",30950,344,334
1766934986,2025-12-28T15:16:26Z,FIN27E,"65.912941,25.10758",30875,344,336
1766934988,2025-12-28T15:16:28Z,FIN27E,"65.915588,25.104904",30800,345,338
1766934990,2025-12-28T15:16:30Z,FIN27E,"65.919159,25.101585",30700,346,339
1766934992,2025-12-28T15:16:32Z,FIN27E,"65.92218,25.099068",30625,347,341
1766934994,2025-12-28T15:16:34Z,FIN27E,"65.925247,25.096779",30600,348,343
1766934996,2025-12-28T15:16:36Z,FIN27E,"65.92836,25.094719",30525,349,345
1766934998,2025-12-28T15:16:38Z,FIN27E,"65.931793,25.092653",30475,350,347
1766935000,2025-12-28T15:16:40Z,FIN27E,"65.934959,25.090982",30450,352,348
1766935003,2025-12-28T15:16:43Z,FIN27E,"65.938171,25.08955",30400,353,350
1766935005,2025-12-28T15:16:45Z,FIN27E,"65.942085,25.088116",30350,356,352
1766935007,2025-12-28T15:16:47Z,FIN27E,"65.944641,25.08728",30325,357,353
1766935009,2025-12-28T15:16:49Z,FIN27E,"65.948738,25.086325",30275,358,355
1766935011,2025-12-28T15:16:51Z,FIN27E,"65.951569,25.085907",30250,360,356
1766935013,2025-12-28T15:16:53Z,FIN27E,"65.95491,25.085564",30200,362,358
1766935015,2025-12-28T15:16:55Z,FIN27E,"65.958893,25.085449",30150,363,359
1766935017,2025-12-28T15:16:57Z,FIN27E,"65.96228,25.085678",30125,364,1
1766935019,2025-12-28T15:16:59Z,FIN27E,"65.965759,25.086021",30075,365,3
1766935021,2025-12-28T15:17:01Z,FIN27E,"65.96936,25.086803",30050,367,5
1766935023,2025-12-28T15:17:03Z,FIN27E,"65.972763,25.087639",30025,368,6
1766935025,2025-12-28T15:17:05Z,FIN27E,"65.976761,25.088953",30000,370,8
1766935028,2025-12-28T15:17:08Z,FIN27E,"65.979767,25.090256",30000,370,9
1766935030,2025-12-28T15:17:10Z,FIN27E,"65.983154,25.091858",30000,371,11
1766935032,2025-12-28T15:17:12Z,FIN27E,"65.987473,25.094088",30000,370,12
1766935034,2025-12-28T15:17:14Z,FIN27E,"65.990822,25.095879",29975,369,12
1766935036,2025-12-28T15:17:16Z,FIN27E,"65.994125,25.09779",29975,368,13
1766935038,2025-12-28T15:17:18Z,FIN27E,"65.997849,25.099869",29950,367,13
1766935041,2025-12-28T15:17:21Z,FIN27E,"66.001389,25.101969",29900,366,13
1766935043,2025-12-28T15:17:23Z,FIN27E,"66.004745,25.10388",29850,365,13
1766935045,2025-12-28T15:17:25Z,FIN27E,"66.007904,25.105789",29775,365,13
1766935047,2025-12-28T15:17:27Z,FIN27E,"66.012177,25.108337",29675,365,13
1766935049,2025-12-28T15:17:29Z,FIN27E,"66.015427,25.110168",29575,365,13
1766935081,2025-12-28T15:18:01Z,FIN27E,"66.066925,25.138321",28250,364,12
1766935113,2025-12-28T15:18:33Z,FIN27E,"66.119118,25.168125",27225,357,13
1766935144,2025-12-28T15:19:04Z,FIN27E,"66.169395,25.198816",26050,356,14
1766935177,2025-12-28T15:19:37Z,FIN27E,"66.220367,25.231018",24500,350,13
1766935209,2025-12-28T15:20:09Z,FIN27E,"66.271065,25.26342",22575,343,14
1766935241,2025-12-28T15:20:41Z,FIN27E,"66.319618,25.296618",20575,337,15
1766935274,2025-12-28T15:21:14Z,FIN27E,"66.368408,25.328503",18475,332,14
1766935304,2025-12-28T15:21:44Z,FIN27E,"66.412727,25.355446",16600,326,13
1766935336,2025-12-28T15:22:16Z,FIN27E,"66.457855,25.385702",14850,314,16
1766935366,2025-12-28T15:22:46Z,FIN27E,"66.499695,25.413406",13100,306,13
1766935398,2025-12-28T15:23:18Z,FIN27E,"66.543816,25.438843",11550,301,12
1766935413,2025-12-28T15:23:33Z,FIN27E,"66.564392,25.450203",10950,299,12
1766935429,2025-12-28T15:23:49Z,FIN27E,"66.584427,25.461533",10625,297,13
1766935442,2025-12-28T15:24:02Z,FIN27E,"66.602005,25.471682",10350,295,13
1766935455,2025-12-28T15:24:15Z,FIN27E,"66.61908,25.482191",10075,296,17
1766935459,2025-12-28T15:24:19Z,FIN27E,"66.62471,25.487804",9975,298,25
1766935461,2025-12-28T15:24:21Z,FIN27E,"66.627426,25.491278",9950,300,29
1766935463,2025-12-28T15:24:23Z,FIN27E,"66.629929,25.495089",9900,301,32
1766935466,2025-12-28T15:24:26Z,FIN27E,"66.632675,25.499985",9850,303,36
1766935468,2025-12-28T15:24:28Z,FIN27E,"66.634735,25.504011",9800,304,39
1766935470,2025-12-28T15:24:30Z,FIN27E,"66.636925,25.508631",9750,305,40
1766935472,2025-12-28T15:24:32Z,FIN27E,"66.639542,25.514433",9725,304,41
1766935474,2025-12-28T15:24:34Z,FIN27E,"66.641647,25.519211",9675,305,42
1766935476,2025-12-28T15:24:36Z,FIN27E,"66.643578,25.523737",9625,304,42
1766935478,2025-12-28T15:24:38Z,FIN27E,"66.645676,25.528481",9575,303,42
1766935480,2025-12-28T15:24:40Z,FIN27E,"66.648003,25.5341",9500,303,42
1766935483,2025-12-28T15:24:43Z,FIN27E,"66.650665,25.540346",9400,303,43
1766935485,2025-12-28T15:24:45Z,FIN27E,"66.652725,25.545242",9300,304,43
1766935487,2025-12-28T15:24:47Z,FIN27E,"66.655029,25.550703",9200,304,43
1766935489,2025-12-28T15:24:49Z,FIN27E,"66.657402,25.556446",9125,304,43
1766935491,2025-12-28T15:24:51Z,FIN27E,"66.659454,25.561316",9025,304,43
1766935505,2025-12-28T15:25:05Z,FIN27E,"66.673141,25.593845",8525,305,43
1766935518,2025-12-28T15:25:18Z,FIN27E,"66.686264,25.624487",8075,304,42
1766935530,2025-12-28T15:25:30Z,FIN27E,"66.69944,25.655073",7650,302,42
1766935543,2025-12-28T15:25:43Z,FIN27E,"66.713013,25.686991",7275,298,43
1766935556,2025-12-28T15:25:56Z,FIN27E,"66.725647,25.716871",6825,294,43
1766935570,2025-12-28T15:26:10Z,FIN27E,"66.738602,25.748133",6475,287,44
1766935584,2025-12-28T15:26:24Z,FIN27E,"66.75209,25.781542",6225,273,44
1766935598,2025-12-28T15:26:38Z,FIN27E,"66.76368,25.810881",5875,265,45
1766935613,2025-12-28T15:26:53Z,FIN27E,"66.776688,25.84474",5425,261,46
1766935628,2025-12-28T15:27:08Z,FIN27E,"66.789001,25.877579",4825,263,45
1766935637,2025-12-28T15:27:17Z,FIN27E,"66.796646,25.898239",4550,265,50
1766935639,2025-12-28T15:27:19Z,FIN27E,"66.798431,25.904329",4475,267,55
1766935642,2025-12-28T15:27:22Z,FIN27E,"66.800034,25.910778",4400,269,59
1766935644,2025-12-28T15:27:24Z,FIN27E,"66.801064,25.915499",4325,271,64
1766935646,2025-12-28T15:27:26Z,FIN27E,"66.802414,25.923197",4250,272,67
1766935648,2025-12-28T15:27:28Z,FIN27E,"66.803284,25.929525",4175,274,71
1766935650,2025-12-28T15:27:30Z,FIN27E,"66.803925,25.935377",4125,275,76
1766935652,2025-12-28T15:27:32Z,FIN27E,"66.804565,25.94302",4025,277,80
1766935655,2025-12-28T15:27:35Z,FIN27E,"66.804932,25.951454",3950,278,84
1766935657,2025-12-28T15:27:37Z,FIN27E,"66.805023,25.957947",3900,280,88
1766935659,2025-12-28T15:27:39Z,FIN27E,"66.804932,25.965351",3850,279,92
1766935661,2025-12-28T15:27:41Z,FIN27E,"66.804604,25.972303",3800,279,98
1766935663,2025-12-28T15:27:43Z,FIN27E,"66.804138,25.97867",3750,277,102
1766935665,2025-12-28T15:27:45Z,FIN27E,"66.803696,25.983025",3750,276,106
1766935668,2025-12-28T15:27:48Z,FIN27E,"66.802368,25.992817",3700,275,110
1766935670,2025-12-28T15:27:50Z,FIN27E,"66.801315,25.998669",3700,272,116
1766935673,2025-12-28T15:27:53Z,FIN27E,"66.79953,26.007011",3675,270,120
1766935675,2025-12-28T15:27:55Z,FIN27E,"66.79818,26.012255",3675,267,124
1766935677,2025-12-28T15:27:57Z,FIN27E,"66.796783,26.017372",3675,265,125
1766935679,2025-12-28T15:27:59Z,FIN27E,"66.795059,26.023365",3675,263,126
1766935681,2025-12-28T15:28:01Z,FIN27E,"66.793488,26.028761",3675,260,126
1766935684,2025-12-28T15:28:04Z,FIN27E,"66.791977,26.033777",3675,258,127
1766935686,2025-12-28T15:28:06Z,FIN27E,"66.790169,26.039845",3675,256,127
1766935688,2025-12-28T15:28:08Z,FIN27E,"66.788864,26.044046",3675,255,127
1766935690,2025-12-28T15:28:10Z,FIN27E,"66.787125,26.049658",3650,253,127
1766935693,2025-12-28T15:28:13Z,FIN27E,"66.785706,26.054316",3650,251,127
1766935695,2025-12-28T15:28:15Z,FIN27E,"66.784286,26.058973",3650,250,127
1766935697,2025-12-28T15:28:17Z,FIN27E,"66.782867,26.063511",3625,248,127
1766935699,2025-12-28T15:28:19Z,FIN27E,"66.781128,26.069242",3600,247,127
1766935701,2025-12-28T15:28:21Z,FIN27E,"66.779648,26.074053",3600,245,127
1766935703,2025-12-28T15:28:23Z,FIN27E,"66.778023,26.07942",3575,245,128
1766935706,2025-12-28T15:28:26Z,FIN27E,"66.776627,26.083916",3550,243,127
1766935712,2025-12-28T15:28:32Z,FIN27E,"66.771973,26.099022",3500,240,128
1766935721,2025-12-28T15:28:41Z,FIN27E,"66.766342,26.11689",3375,238,130
1766935723,2025-12-28T15:28:43Z,FIN27E,"66.764381,26.122118",3325,236,134
1766935725,2025-12-28T15:28:45Z,FIN27E,"66.762863,26.125727",3275,235,138
1766935727,2025-12-28T15:28:47Z,FIN27E,"66.761261,26.128952",3250,235,143
1766935729,2025-12-28T15:28:49Z,FIN27E,"66.758934,26.132854",3175,233,149
1766935732,2025-12-28T15:28:52Z,FIN27E,"66.756561,26.135975",3125,231,154
1766935734,2025-12-28T15:28:54Z,FIN27E,"66.754486,26.138147",3100,230,159
1766935736,2025-12-28T15:28:56Z,FIN27E,"66.75206,26.139938",3075,228,165
1766935739,2025-12-28T15:28:59Z,FIN27E,"66.75,26.141012",3075,228,170
1766935741,2025-12-28T15:29:01Z,FIN27E,"66.747482,26.141729",3050,225,174
1766935743,2025-12-28T15:29:03Z,FIN27E,"66.74646,26.141844",3050,225,177
1766935745,2025-12-28T15:29:05Z,FIN27E,"66.743156,26.141968",3050,224,179
1766935747,2025-12-28T15:29:07Z,FIN27E,"66.741104,26.141968",3050,223,180
1766935749,2025-12-28T15:29:09Z,FIN27E,"66.739059,26.141844",3050,222,181
1766935751,2025-12-28T15:29:11Z,FIN27E,"66.736588,26.141594",3050,222,182
1766935753,2025-12-28T15:29:13Z,FIN27E,"66.734962,26.141468",3050,221,182
1766935755,2025-12-28T15:29:15Z,FIN27E,"66.732445,26.141094",3050,220,184
1766935758,2025-12-28T15:29:18Z,FIN27E,"66.730492,26.140594",3025,219,187
1766935760,2025-12-28T15:29:20Z,FIN27E,"66.728493,26.139721",3025,217,192
1766935762,2025-12-28T15:29:22Z,FIN27E,"66.725967,26.138027",3050,216,196
1766935764,2025-12-28T15:29:24Z,FIN27E,"66.72393,26.136225",3050,214,201
1766935767,2025-12-28T15:29:27Z,FIN27E,"66.721619,26.13349",3050,212,205
1766935769,2025-12-28T15:29:29Z,FIN27E,"66.720154,26.131578",3050,211,209
1766935771,2025-12-28T15:29:31Z,FIN27E,"66.718063,26.128359",3050,210,212
1766935773,2025-12-28T15:29:33Z,FIN27E,"66.716431,26.125612",3050,209,214
1766935775,2025-12-28T15:29:35Z,FIN27E,"66.714981,26.122862",3050,208,216
1766935777,2025-12-28T15:29:37Z,FIN27E,"66.713364,26.119745",3050,208,217
1766935780,2025-12-28T15:29:40Z,FIN27E,"66.711639,26.116293",3050,207,219
1766935782,2025-12-28T15:29:42Z,FIN27E,"66.710098,26.113005",3050,207,220
1766935784,2025-12-28T15:29:44Z,FIN27E,"66.708611,26.109758",3050,207,220
1766935787,2025-12-28T15:29:47Z,FIN27E,"66.706467,26.105188",3050,207,220
1766935789,2025-12-28T15:29:49Z,FIN27E,"66.705048,26.101963",3050,208,221
1766935791,2025-12-28T15:29:51Z,FIN27E,"66.703445,26.098522",3050,208,221
1766935793,2025-12-28T15:29:53Z,FIN27E,"66.701523,26.09432",3050,208,220
1766935795,2025-12-28T15:29:55Z,FIN27E,"66.699905,26.090906",3050,208,220
1766935797,2025-12-28T15:29:57Z,FIN27E,"66.698372,26.08766",3050,209,219
1766935800,2025-12-28T15:30:00Z,FIN27E,"66.69693,26.084663",3050,208,219
1766935802,2025-12-28T15:30:02Z,FIN27E,"66.695435,26.081667",3050,208,218
1766935804,2025-12-28T15:30:04Z,FIN27E,"66.693855,26.078547",3050,206,218
1766935806,2025-12-28T15:30:06Z,FIN27E,"66.692085,26.074926",3050,204,218
1766935808,2025-12-28T15:30:08Z,FIN27E,"66.690407,26.07168",3050,203,217
1766935811,2025-12-28T15:30:11Z,FIN27E,"66.688797,26.068527",3050,199,217
1766935813,2025-12-28T15:30:13Z,FIN27E,"66.687332,26.06566",3050,198,217
1766935815,2025-12-28T15:30:15Z,FIN27E,"66.685478,26.062067",3050,194,217
1766935823,2025-12-28T15:30:23Z,FIN27E,"66.679703,26.050831",3050,183,217
1766935830,2025-12-28T15:30:30Z,FIN27E,"66.675385,26.042255",3050,179,217
1766935839,2025-12-28T15:30:39Z,FIN27E,"66.669891,26.031507",3050,178,217
1766935845,2025-12-28T15:30:45Z,FIN27E,"66.665596,26.023241",3050,178,217
1766935853,2025-12-28T15:30:53Z,FIN27E,"66.660385,26.013128",3050,179,217
1766935860,2025-12-28T15:31:00Z,FIN27E,"66.655792,26.00428",3050,179,217
1766935869,2025-12-28T15:31:09Z,FIN27E,"66.650047,25.993402",3050,179,217
1766935875,2025-12-28T15:31:15Z,FIN27E,"66.645767,25.985174",2975,178,217
1766935884,2025-12-28T15:31:24Z,FIN27E,"66.64032,25.974676",2875,168,217
1766935893,2025-12-28T15:31:33Z,FIN27E,"66.635063,25.964563",2725,158,217
1766935899,2025-12-28T15:31:39Z,FIN27E,"66.63166,25.957947",2625,151,217
1766935908,2025-12-28T15:31:48Z,FIN27E,"66.627045,25.94899",2525,145,217
1766935915,2025-12-28T15:31:55Z,FIN27E,"66.622772,25.940718",2400,139,217
1766935922,2025-12-28T15:32:02Z,FIN27E,"66.619492,25.934301",2325,137,217
1766935929,2025-12-28T15:32:09Z,FIN27E,"66.615875,25.927496",2250,134,217
1766935938,2025-12-28T15:32:18Z,FIN27E,"66.611572,25.919374",2125,131,216
1766935947,2025-12-28T15:32:27Z,FIN27E,"66.607269,25.911255",2025,128,216
1766935956,2025-12-28T15:32:36Z,FIN27E,"66.603241,25.903492",1925,128,217
1766935963,2025-12-28T15:32:43Z,FIN27E,"66.59967,25.896687",1825,126,216
1766935972,2025-12-28T15:32:52Z,FIN27E,"66.595825,25.889402",1725,124,217
